324,,1,90,,4285,4285,1,Amoxicilline,,Fasse store,20,4285,,,
325,,1,90,,4285,4285,1,Paracétamol,,Fasse store,20,4285,,,
326,,1,90,,4286,4286,1,Paracétamol pédiatrique,,Fasse store,20,4286,,,
327,,1,90,,4285,4285,1,Ibuprofène,,Fasse store,20,4285,,,
328,,1,90,,4285,4285,1,Artéméther/Luméfantrine,,Fasse store,20,4285,,,
329,,1,90,,4285,4285,1,Métronidazole,,Fasse store,20,4285,,,
330,,1,90,,4285,4285,1,Ciprofloxacine,,Fasse store,20,4285,,,
331,,1,90,,4285,4285,1,Oméprazole,,Fasse store,20,4285,,,
332,,1,90,,4288,4288,1,SRO,,Fasse store,20,4288,,,
333,,1,90,,4285,4285,1,Fer + Acide folique,,Fasse store,20,4285,,,
334,,1,90,,4287,4287,1,Diclofénac,,Fasse store,20,4287,,,
