Name,Description,Parent,Tags,Uuid,Void/Retire
Mobile Clinic,,,,,TRUE
Community Outreach,,,,,TRUE
Ward 1,,,,,TRUE
Ward 2,,,,,TRUE
Ward 3,,,,,TRUE
Site 1,,,,,TRUE
Site 2,,,,,TRUE
Site 3,,,,,TRUE
Site 4,,,,,TRUE
Site 5,,,,,TRUE
Site 6,,,,,TRUE
Site 7,,,,,TRUE
Site 8,,,,,TRUE
Site 9,,,,,TRUE
Site 10,,,,,TRUE
Site 11,,,,,TRUE
Site 12,,,,,TRUE
Site 13,,,,,TRUE
Site 14,,,,,TRUE
Site 15,,,,,TRUE
Site 16,,,,,TRUE
Site 17,,,,,TRUE
Site 18,,,,,TRUE
Site 19,,,,,TRUE
Site 20,,,,,TRUE
Site 21,,,,,TRUE
Site 22,,,,,TRUE
Site 23,,,,,TRUE
Site 24,,,,,TRUE
Site 25,,,,,TRUE
Site 26,,,,,TRUE
Site 27,,,,,TRUE
Site 28,,,,,TRUE
Site 29,,,,,TRUE
Site 30,,,,,TRUE
Site 31,,,,,TRUE
Site 32,,,,,TRUE
Site 33,,,,,TRUE
Site 34,,,,,TRUE
Site 35,,,,,TRUE
Site 36,,,,,TRUE
Site 37,,,,,TRUE
Site 38,,,,,TRUE
Site 39,,,,,TRUE
Site 40,,,,,TRUE
Site 41,,,,,TRUE
Site 42,,,,,TRUE
Site 43,,,,,TRUE
Site 44,,,,,TRUE
Site 45,,,,,TRUE
Site 46,,,,,TRUE
Site 47,,,,,TRUE
Site 48,,,,,TRUE
Site 49,,,,,TRUE
Site 50,,,,,TRUE
